1;titlu;assets/images/thumb.jpg
1;titlu;assets/images/thumb.jpg
1;titlu;assets/images/thumb.jpg
1;titlu;assets/images/thumb.jpg
1;titlu;assets/images/thumb.jpg
1;titlu;assets/images/thumb.jpg
1;titlu;assets/images/thumb.jpg
1;titlu;assets/images/thumb.jpg
1;titlu;assets/images/thumb.jpg
1;titlu;assets/images/thumb.jpg
1;titlu;assets/images/thumb.jpg
1;titlu;assets/images/thumb.jpg
1;titlu;assets/images/thumb.jpg
1;titlu;assets/images/thumb.jpg
1;titlu;assets/images/thumb.jpg
1;titlu;assets/images/thumb.jpg
1;titlu;assets/images/thumb.jpg
1;titlu;assets/images/thumb.jpg
1;titlu;assets/images/thumb.jpg
1;titlu;assets/images/thumb.jpg
1;titlu;assets/images/thumb.jpg
